Palabra,Emocion
como,positiva
gran,positiva
mayor,positiva
nuevo,positiva
general,positiva
obra,positiva
principal,positiva
bien,positiva
poco,positiva
trabajo,positiva
importante,positiva
mejor,positiva
obras,positiva
cerca,positiva
éxito,positiva
acuerdo,positiva
pues,positiva
propio,positiva
original,positiva
igual,positiva
cuerpo,positiva
primero,positiva
servicio,positiva
modo,positiva
principios,positiva
gracias,positiva
personaje,positiva
dirección,positiva
superior,positiva
personajes,positiva
apoyo,positiva
capacidad,positiva
derecho,positiva
real,positiva
grande,positiva
realizar,positiva
firme,positiva
profesional,positiva
similar,positiva
libre,positiva
sentido,positiva
respecto,positiva
mejores,positiva
sencillo,positiva
características,positiva
influencia,positiva
valor,positiva
favor,positiva
energía,positiva
oro,positiva
dicha,positiva
considerado,positiva
alcanzar,positiva
victoria,positiva
honor,positiva
premio,positiva
nada,positiva
amor,positiva
realizado,positiva
bastante,positiva
campeón,positiva
trabajar,positiva
educación,positiva
derecha,positiva
líder,positiva
pasar,positiva
mil,positiva
unidad,positiva
prueba,positiva
contrato,positiva
libertad,positiva
completo,positiva
llevar,positiva
pronto,positiva
rápidamente,positiva
ganar,positiva
completamente,positiva
famoso,positiva
máximo,positiva
capaz,positiva
conseguir,positiva
maestro,positiva
ganado,positiva
paz,positiva
humano,positiva
vivo,positiva
variedad,positiva
protección,positiva
premios,positiva
claro,positiva
destaca,positiva
económico,positiva
derrota,positiva
Grande,positiva
right,positiva
propuesta,positiva
destino,positiva
corazón,positiva
cabecera,positiva
intención,positiva
grabado,positiva
lograr,positiva
reconocido,positiva
producir,positiva
señor,positiva
ayudar,positiva
dedicado,positiva
clásico,positiva
llevado,positiva
dulce,positiva
suficiente,positiva
verdad,positiva
fama,positiva
destacado,positiva
ganador,positiva
top,positiva
éxitos,positiva
cubierta,positiva
breve,positiva
rápido,positiva
notable,positiva
mejorar,positiva
disponible,positiva
VERDADERO,positiva
abogado,positiva
inmediatamente,positiva
activo,positiva
amplio,positiva
reforma,positiva
fácil,positiva
homenaje,positiva
justo,positiva
moderno,positiva
intereses,positiva
representante,positiva
cumplir,positiva
triunfo,positiva
salvo,positiva
ganando,positiva
pensamiento,positiva
fortaleza,positiva
amistad,positiva
ampliamente,positiva
recuperar,positiva
derrotado,positiva
jugando,positiva
belleza,positiva
fe,positiva
legal,positiva
alianza,positiva
igualmente,positiva
celebración,positiva
claramente,positiva
fácilmente,positiva
suerte,positiva
habilidad,positiva
cielo,positiva
proteger,positiva
considerar,positiva
justicia,positiva
disposición,positiva
deportivo,positiva
aumentar,positiva
supuesto,positiva
calor,positiva
integrado,positiva
ventaja,positiva
oferta,positiva
logrado,positiva
caballería,positiva
soporte,positiva
patrón,positiva
riqueza,positiva
excelente,positiva
comenzar,positiva
reformas,positiva
brillante,positiva
derrotar,positiva
seguro,positiva
moral,positiva
recuperación,positiva
precisamente,positiva
fans,positiva
útil,positiva
inteligencia,positiva
juvenil,positiva
trabajado,positiva
mejora,positiva
bueno,positiva
confianza,positiva
liberación,positiva
defender,positiva
declaración,positiva
noble,positiva
considerable,positiva
gana,positiva
maestros,positiva
interesante,positiva
ideal,positiva
superar,positiva
santo,positiva
equilibrio,positiva
talento,positiva
gusto,positiva
héroe,positiva
cima,positiva
cero,positiva
aprobación,positiva
humor,positiva
celebrado,positiva
prestigio,positiva
intelectual,positiva
poderoso,positiva
profundo,positiva
paciente,positiva
beneficios,positiva
ofrecer,positiva
compromiso,positiva
inspiración,positiva
apoyar,positiva
espiritual,positiva
esperar,positiva
célebre,positiva
flor,positiva
detenido,positiva
exactamente,positiva
alimento,positiva
asegurar,positiva
sorpresa,positiva
añadir,positiva
completar,positiva
amante,positiva
beneficio,positiva
abundante,positiva
cable,positiva
demuestra,positiva
extremadamente,positiva
mejoras,positiva
virtud,positiva
rico,positiva
otorgado,positiva
adecuado,positiva
visible,positiva
suficientemente,positiva
estable,positiva
contraste,positiva
fortuna,positiva
logro,positiva
secundario,positiva
conduce,positiva
impulso,positiva
impresión,positiva
continuidad,positiva
distinción,positiva
correcto,positiva
aprobado,positiva
afluente,positiva
saludo,positiva
facilidad,positiva
realista,positiva
subir,positiva
facilitar,positiva
progreso,positiva
magia,positiva
conforme,positiva
caliente,positiva
estabilidad,positiva
definido,positiva
celebrar,positiva
pasión,positiva
auge,positiva
recurso,positiva
funcionar,positiva
formalmente,positiva
fiel,positiva
logros,positiva
dispuesto,positiva
revolucionario,positiva
suave,positiva
prima,positiva
adecuada,positiva
aviso,positiva
novio,positiva
sensación,positiva
perfectamente,positiva
liberado,positiva
integral,positiva
atracción,positiva
Renacimiento,positiva
elaborado,positiva
defensor,positiva
ganadora,positiva
positivo,positiva
diplomático,positiva
preparar,positiva
profundamente,positiva
apreciar,positiva
apoyado,positiva
atractivo,positiva
favorable,positiva
notablemente,positiva
contribución,positiva
significativo,positiva
probar,positiva
avances,positiva
ordenado,positiva
creer,positiva
ligero,positiva
cumplimiento,positiva
trato,positiva
pendiente,positiva
potente,positiva
ventajas,positiva
abundancia,positiva
operar,positiva
extenso,positiva
crédito,positiva
fresco,positiva
cura,positiva
dinámica,positiva
feliz,positiva
defensores,positiva
consistente,positiva
perfecto,positiva
ganadores,positiva
capturar,positiva
lujo,positiva
elevación,positiva
sólido,positiva
semejante,positiva
silencio,positiva
pacto,positiva
franco,positiva
instrumental,positiva
ejemplar,positiva
preparado,positiva
estelar,positiva
garantizar,positiva
renacentista,positiva
eficaz,positiva
inteligente,positiva
afición,positiva
disfrutar,positiva
mina,positiva
experto,positiva
vencedor,positiva
aporte,positiva
puro,positiva
apoya,positiva
levantar,positiva
ánimo,positiva
comprender,positiva
correctamente,positiva
designar,positiva
supervivencia,positiva
superado,positiva
ama,positiva
dorado,positiva
seguramente,positiva
comprensión,positiva
amistoso,positiva
eficacia,positiva
atraer,positiva
fantasía,positiva
preciso,positiva
conducir,positiva
obligación,positiva
madrugada,positiva
avanzado,positiva
fijo,positiva
eficiente,positiva
pura,positiva
enamorado,positiva
santa,positiva
derrotas,positiva
masivo,positiva
promesa,positiva
favorito,positiva
élite,positiva
armonía,positiva
lealtad,positiva
monumental,positiva
renombre,positiva
respaldo,positiva
limpieza,positiva
madurez,positiva
conveniente,positiva
pozo,positiva
ángel,positiva
bienestar,positiva
acogida,positiva
excepcional,positiva
plomo,positiva
adaptado,positiva
legendario,positiva
influyente,positiva
segura,positiva
gloria,positiva
impresionante,positiva
romántica,positiva
cálido,positiva
espectacular,positiva
afirmación,positiva
aprecia,positiva
esplendor,positiva
querido,positiva
excelencia,positiva
abiertamente,positiva
tracción,positiva
alegría,positiva
satisfacer,positiva
prefiere,positiva
aplicado,positiva
positivos,positiva
querer,positiva
efectuar,positiva
sagrado,positiva
entusiasmo,positiva
privilegio,positiva
brillo,positiva
ayudado,positiva
dignidad,positiva
trofeo,positiva
innovación,positiva
extraordinario,positiva
auténtico,positiva
reforzar,positiva
sensible,positiva
mágico,positiva
gracia,positiva
romántico,positiva
superioridad,positiva
accesible,positiva
joyas,positiva
curioso,positiva
negociar,positiva
renombrado,positiva
prestigioso,positiva
superó,positiva
decisivo,positiva
moverse,positiva
restaurar,positiva
compatible,positiva
felicidad,positiva
portavoz,positiva
agradable,positiva
fomentar,positiva
convenio,positiva
apropiado,positiva
trabajador,positiva
fluido,positiva
emociones,positiva
dominar,positiva
lógico,positiva
ganancias,positiva
maestría,positiva
fidelidad,positiva
aficionado,positiva
prominente,positiva
orgullo,positiva
inofensivo,positiva
enteramente,positiva
sorprendente,positiva
celeste,positiva
revolucionaria,positiva
protector,positiva
tapa,positiva
indicado,positiva
complemento,positiva
legalmente,positiva
galardón,positiva
admiración,positiva
sostenido,positiva
Magno,positiva
mejorado,positiva
renacimiento,positiva
elegante,positiva
supremo,positiva
promotor,positiva
placer,positiva
prosperidad,positiva
talentos,positiva
listo,positiva
reconocimientos,positiva
revelación,positiva
deber,positiva
resistente,positiva
azar,positiva
dominado,positiva
dotado,positiva
distintivo,positiva
apogeo,positiva
restaurado,positiva
certeza,positiva
exacto,positiva
sostener,positiva
recto,positiva
autónomo,positiva
integridad,positiva
corregir,positiva
domina,positiva
genio,positiva
mérito,positiva
empuje,positiva
ayudando,positiva
agudo,positiva
perdón,positiva
fino,positiva
sonda,positiva
racional,positiva
enamorada,positiva
amanecer,positiva
alegre,positiva
perfección,positiva
novedad,positiva
ilustración,positiva
cumplido,positiva
impulsar,positiva
hermoso,positiva
aclarar,positiva
ilustre,positiva
claridad,positiva
sabiduría,positiva
distinguido,positiva
divino,positiva
mono,positiva
solidaridad,positiva
facilita,positiva
amo,positiva
legítimo,positiva
libertades,positiva
cariño,positiva
garantía,positiva
animado,positiva
bello,positiva
penetración,positiva
creativo,positiva
práctico,positiva
educado,positiva
sabio,positiva
leal,positiva
renovado,positiva
balas,positiva
gratuito,positiva
delgado,positiva
inocente,positiva
heroína,positiva
ambicioso,positiva
ingenio,positiva
calificado,positiva
merced,positiva
afecto,positiva
premiado,positiva
bienvenida,positiva
fértil,positiva
probado,positiva
flexible,positiva
ahorro,positiva
informativo,positiva
super,positiva
basta,positiva
satisfacción,positiva
dinámico,positiva
justamente,positiva
recomendación,positiva
marchar,positiva
emoción,positiva
valioso,positiva
respetar,positiva
gustos,positiva
ídolo,positiva
sostenible,positiva
diversión,positiva
favorecer,positiva
prometido,positiva
tranquilidad,positiva
entendido,positiva
valiente,positiva
agradecimiento,positiva
aprobar,positiva
cargado,positiva
resuelto,positiva
amable,positiva
garantías,positiva
promesas,positiva
creativa,positiva
transparente,positiva
suceder,positiva
recomendaciones,positiva
paraíso,positiva
tranquilo,positiva
elevar,positiva
preferencias,positiva
milagro,positiva
trompeta,positiva
pastel,positiva
afinidad,positiva
preferido,positiva
innovador,positiva
fiable,positiva
reclamar,positiva
curar,positiva
restablecer,positiva
afán,positiva
reestructuración,positiva
patriota,positiva
digno,positiva
floración,positiva
aspiraciones,positiva
calma,positiva
gradual,positiva
estímulo,positiva
bonus,positiva
modesto,positiva
remedio,positiva
autorizado,positiva
inmenso,positiva
originalidad,positiva
crianza,positiva
limpiar,positiva
portátil,positiva
flexibilidad,positiva
profundidades,positiva
razonable,positiva
consorcio,positiva
conveniencia,positiva
adoración,positiva
hábil,positiva
poético,positiva
energético,positiva
magnífico,positiva
colorido,positiva
gratis,positiva
productiva,positiva
firmemente,positiva
erudito,positiva
recomendable,positiva
fantástico,positiva
lírico,positiva
aclamado,positiva
ganancia,positiva
progresista,positiva
maduro,positiva
coherente,positiva
afluencia,positiva
piedad,positiva
exitosamente,positiva
supremacía,positiva
impresionado,positiva
cooperativa,positiva
prestación,positiva
competitivo,positiva
prendas,positiva
apreciado,positiva
sobresaliente,positiva
rosado,positiva
productivo,positiva
limpio,positiva
amada,positiva
íntimo,positiva
divertido,positiva
mejoramiento,positiva
sumo,positiva
bendición,positiva
seguidor,positiva
asegurando,positiva
disminuido,positiva
indiscutible,positiva
love,positiva
descansar,positiva
profecía,positiva
pacífico,positiva
disfruta,positiva
aliviar,positiva
sustancial,positiva
valentía,positiva
sustento,positiva
milagros,positiva
comodidad,positiva
entusiasta,positiva
destreza,positiva
acoger,positiva
reconciliación,positiva
cláusula,positiva
acreditado,positiva
curación,positiva
boom,positiva
cuadra,positiva
obsesión,positiva
palanca,positiva
perpendicular,positiva
memorable,positiva
motivado,positiva
reformar,positiva
prenda,positiva
multa,positiva
victorioso,positiva
prolífico,positiva
liderar,positiva
liso,positiva
joya,positiva
amado,positiva
revivir,positiva
veracidad,positiva
sustantivo,positiva
óptimo,positiva
reformado,positiva
grandeza,positiva
elegancia,positiva
humorístico,positiva
barato,positiva
estimular,positiva
amoroso,positiva
sonrisa,positiva
confiar,positiva
sensaciones,positiva
alba,positiva
simplificado,positiva
genial,positiva
excepcionalmente,positiva
paciencia,positiva
sano,positiva
amar,positiva
recomendado,positiva
óptima,positiva
asegurado,positiva
maravilloso,positiva
surrealista,positiva
orgulloso,positiva
apasionado,positiva
superviviente,positiva
triunfal,positiva
coraje,positiva
sobreviviente,positiva
competente,positiva
apelación,positiva
actualizado,positiva
aspiración,positiva
maravillas,positiva
abogada,positiva
calificar,positiva
robusto,positiva
favorecido,positiva
compacta,positiva
satisfecho,positiva
coherencia,positiva
devolución,positiva
provecho,positiva
aspirante,positiva
admirador,positiva
triunfar,positiva
trance,positiva
festivo,positiva
previsión,positiva
cómodo,positiva
like,positiva
suprema,positiva
valorar,positiva
navegable,positiva
best,positiva
sencillamente,positiva
agilidad,positiva
consecuentemente,positiva
ordenanza,positiva
ágil,positiva
disfrute,positiva
solid,positiva
versatilidad,positiva
bondad,positiva
carisma,positiva
free,positiva
medido,positiva
privilegiado,positiva
oasis,positiva
res,positiva
susceptible,positiva
trascendental,positiva
facilitando,positiva
sorprendentemente,positiva
bovino,positiva
enmienda,positiva
enriquecimiento,positiva
alivio,positiva
animar,positiva
progresos,positiva
guiar,positiva
ahorros,positiva
futurista,positiva
agrado,positiva
abrazo,positiva
bonito,positiva
honrar,positiva
formidable,positiva
honrado,positiva
oportuno,positiva
finamente,positiva
admirar,positiva
intimidad,positiva
ardiente,positiva
eminente,positiva
elite,positiva
aventurero,positiva
extraordinariamente,positiva
súper,positiva
subsiguiente,positiva
confiable,positiva
constructivo,positiva
preferible,positiva
complementar,positiva
refinado,positiva
generosidad,positiva
saludable,positiva
distinguirse,positiva
contento,positiva
factible,positiva
manada,positiva
sobrepasar,positiva
optimista,positiva
exento,positiva
moralidad,positiva
exuberante,positiva
propicio,positiva
luminoso,positiva
máster,positiva
excitación,positiva
caluroso,positiva
generoso,positiva
fielmente,positiva
devoto,positiva
versátil,positiva
virtuoso,positiva
buey,positiva
cortesía,positiva
gratitud,positiva
fervor,positiva
encender,positiva
borra,positiva
profusamente,positiva
disolvente,positiva
eternidad,positiva
preventiva,positiva
heroico,positiva
articular,positiva
prometedor,positiva
sensual,positiva
asombro,positiva
humildad,positiva
acierto,positiva
intriga,positiva
sofisticado,positiva
articulado,positiva
calmar,positiva
complementos,positiva
apreciable,positiva
sensiblemente,positiva
ajustado,positiva
instantáneamente,positiva
apego,positiva
prudente,positiva
estimula,positiva
afección,positiva
exaltación,positiva
abunda,positiva
pintoresco,positiva
perfeccionar,positiva
próspero,positiva
emocionante,positiva
estabilizar,positiva
cordial,positiva
madurar,positiva
celestial,positiva
satisface,positiva
alcohólico,positiva
curado,positiva
sexy,positiva
gozar,positiva
fascinación,positiva
ferviente,positiva
lujoso,positiva
escénico,positiva
inoxidable,positiva
triunfante,positiva
suavemente,positiva
prefiriendo,positiva
equilibrado,positiva
increíblemente,positiva
deseable,positiva
floreciente,positiva
simplificar,positiva
calentar,positiva
tremendamente,positiva
honestidad,positiva
sostenibilidad,positiva
eficazmente,positiva
espontáneo,positiva
complementario,positiva
inolvidable,positiva
diestro,positiva
disfrutando,positiva
respetable,positiva
encantado,positiva
superintendente,positiva
amistosa,positiva
mejoría,positiva
refinamiento,positiva
optimismo,positiva
selectivo,positiva
alabanza,positiva
redención,positiva
talentoso,positiva
prudencia,positiva
precioso,positiva
ayuno,positiva
simpático,positiva
diana,positiva
convincente,positiva
vigilante,positiva
amigable,positiva
aclamación,positiva
adelantar,positiva
pacíficamente,positiva
admirable,positiva
misericordia,positiva
impecable,positiva
conciliar,positiva
indudable,positiva
convenientemente,positiva
rapto,positiva
aspirar,positiva
maravilla,positiva
consuelo,positiva
prodigio,positiva
suposición,positiva
master,positiva
excede,positiva
indulto,positiva
heredar,positiva
exhaustivo,positiva
benéfico,positiva
satisfactoriamente,positiva
honesto,positiva
vibrante,positiva
elogio,positiva
uniformemente,positiva
coronar,positiva
agradecido,positiva
carismático,positiva
honorable,positiva
enérgico,positiva
tenaz,positiva
merecedor,positiva
estimulante,positiva
auspicio,positiva
prominencia,positiva
patriótico,positiva
florecer,positiva
consumado,positiva
expresivo,positiva
sustentación,positiva
fragilidad,positiva
ingenioso,positiva
ricamente,positiva
cofre,positiva
beneficioso,positiva
confidente,positiva
éxtasis,positiva
respaldar,positiva
progresar,positiva
profusión,positiva
gracioso,positiva
benefactor,positiva
premiar,positiva
cooperativo,positiva
glorioso,positiva
caramelo,positiva
empujar,positiva
fascinante,positiva
invencible,positiva
ilimitado,positiva
permitirse,positiva
comprensible,positiva
majestad,positiva
deseando,positiva
milagrosamente,positiva
afortunadamente,positiva
atento,positiva
pera,positiva
sincero,positiva
sublime,positiva
razonablemente,positiva
satisfactorio,positiva
empatía,positiva
exquisito,positiva
silencioso,positiva
agradecer,positiva
obertura,positiva
nata,positiva
emprendedor,positiva
autorizar,positiva
serenidad,positiva
festejar,positiva
diligencia,positiva
guapo,positiva
librar,positiva
iluminar,positiva
predilecto,positiva
enriquecer,positiva
prosperar,positiva
decente,positiva
pulido,positiva
sustentar,positiva
genuino,positiva
felizmente,positiva
vocero,positiva
hot,positiva
beneficiar,positiva
salvador,positiva
impresionar,positiva
resplandor,positiva
creíble,positiva
atrevido,positiva
estilizado,positiva
venia,positiva
sinceridad,positiva
luchadora,positiva
hospitalario,positiva
hábilmente,positiva
tierno,positiva
benigno,positiva
radiante,positiva
galán,positiva
eficientemente,positiva
euforia,positiva
sinceramente,positiva
imparcial,positiva
majestuoso,positiva
apacible,positiva
grandioso,positiva
fair,positiva
alentar,positiva
work,positiva
exceder,positiva
condimento,positiva
cómodamente,positiva
lindo,positiva
adivinación,positiva
espléndido,positiva
minucioso,positiva
apoyarse,positiva
preferiblemente,positiva
afortunado,positiva
elocuencia,positiva
premier,positiva
disfrutado,positiva
entretener,positiva
minuciosamente,positiva
ventilador,positiva
lucir,positiva
amabilidad,positiva
solvencia,positiva
revive,positiva
despejar,positiva
brillantez,positiva
brillar,positiva
tender,positiva
personalizado,positiva
sancionar,positiva
abrazar,positiva
verificable,positiva
recomendar,positiva
preferir,positiva
good,positiva
complementado,positiva
cabezal,positiva
regio,positiva
apuesto,positiva
vivaz,positiva
delicadeza,positiva
peluche,positiva
felicitaciones,positiva
taquillera,positiva
agrada,positiva
apelar,positiva
encantador,positiva
grand,positiva
adivinar,positiva
visionario,positiva
asombroso,positiva
ovación,positiva
establo,positiva
inspirar,positiva
preguntarse,positiva
bonificación,positiva
dulzura,positiva
entrañable,positiva
cortés,positiva
respetuoso,positiva
intuitivo,positiva
granizo,positiva
cenit,positiva
asequible,positiva
lucrativo,positiva
prometedora,positiva
confidencial,positiva
meritorio,positiva
fructífero,positiva
adorar,positiva
revitalizar,positiva
inspirador,positiva
reafirmar,positiva
júbilo,positiva
imparcialidad,positiva
guapa,positiva
esclarecer,positiva
elocuente,positiva
adorado,positiva
relajado,positiva
modestia,positiva
diversificado,positiva
triunfador,positiva
perseverancia,positiva
saludar,positiva
sanar,positiva
brisa,positiva
reverencia,positiva
remediar,positiva
cariñoso,positiva
acaudalado,positiva
irresistible,positiva
francamente,positiva
beato,positiva
emocionado,positiva
simplifica,positiva
rematar,positiva
razonar,positiva
poderosamente,positiva
well,positiva
convencimiento,positiva
purificar,positiva
morder,positiva
vencimiento,positiva
motivar,positiva
cereza,positiva
respiro,positiva
beneficiario,positiva
remisión,positiva
afilado,positiva
ración,positiva
prometer,positiva
complacer,positiva
ávido,positiva
despejado,positiva
elitista,positiva
calmado,positiva
rectificación,positiva
comprimir,positiva
stable,positiva
retráctil,positiva
confortable,positiva
alzar,positiva
inexpugnable,positiva
entretenido,positiva
puntiagudo,positiva
amablemente,positiva
irreal,positiva
fabuloso,positiva
milagroso,positiva
ansia,positiva
trascender,positiva
refrescante,positiva
incitar,positiva
honradez,positiva
esbelto,positiva
bravo,positiva
radiador,positiva
pináculo,positiva
destello,positiva
adinerado,positiva
altruista,positiva
suavizar,positiva
crujiente,positiva
feat,positiva
exaltado,positiva
soft,positiva
desprendido,positiva
aurora,positiva
gozo,positiva
seductor,positiva
realzar,positiva
durazno,positiva
laudo,positiva
bienvenido,positiva
protuberancia,positiva
sobresalir,positiva
esmero,positiva
ventajoso,positiva
tallar,positiva
inventiva,positiva
veraz,positiva
firmamento,positiva
venerar,positiva
utilizable,positiva
sensacional,positiva
brillantemente,positiva
alabando,positiva
excitado,positiva
cool,positiva
sonriente,positiva
deleite,positiva
curarse,positiva
resguardado,positiva
estupendo,positiva
desmontar,positiva
valientemente,positiva
hermosura,positiva
generosamente,positiva
delicioso,positiva
súpero,positiva
talentosa,positiva
felicitación,positiva
certero,positiva
adaptable,positiva
legible,positiva
inquebrantable,positiva
entusiasmado,positiva
legítimamente,positiva
bondadoso,positiva
clarificar,positiva
magnificencia,positiva
armonizar,positiva
presagio,positiva
decretar,positiva
callado,positiva
eminencia,positiva
laborioso,positiva
impresionada,positiva
garante,positiva
revival,positiva
inteligible,positiva
reestructurar,positiva
manjar,positiva
angel,positiva
ventiladores,positiva
melocotón,positiva
trompo,positiva
sociable,positiva
intrigante,positiva
consistentemente,positiva
recompensar,positiva
absorbente,positiva
dócil,positiva
asombrado,positiva
benevolencia,positiva
respalda,positiva
providencia,positiva
realce,positiva
merecer,positiva
inestimable,positiva
incuestionable,positiva
alegremente,positiva
won,positiva
nitidez,positiva
callar,positiva
apasionadamente,positiva
deslumbrante,positiva
regocijo,positiva
afable,positiva
audible,positiva
suntuoso,positiva
indulgencia,positiva
gustar,positiva
gold,positiva
manejable,positiva
seducido,positiva
panorámico,positiva
despuntar,positiva
fraternal,positiva
obediente,positiva
bendecir,positiva
acomodado,positiva
infalible,positiva
rectificar,positiva
perdurable,positiva
florido,positiva
fideicomiso,positiva
consumar,positiva
conllevar,positiva
sólidamente,positiva
impresiona,positiva
heroicamente,positiva
galante,positiva
valeroso,positiva
felicitar,positiva
refinar,positiva
adorable,positiva
tapadera,positiva
incondicionalmente,positiva
envidiable,positiva
embellecer,positiva
acogedor,positiva
preeminente,positiva
palaciego,positiva
lean,positiva
idealmente,positiva
estirar,positiva
inequívocamente,positiva
equitativo,positiva
adueñarse,positiva
conmovedor,positiva
intrincado,positiva
bellamente,positiva
great,positiva
obsesiones,positiva
radioactivo,positiva
bienvenidos,positiva
imaginativo,positiva
franqueza,positiva
osado,positiva
exaltar,positiva
recio,positiva
lustre,positiva
grato,positiva
ajustable,positiva
portable,positiva
led,positiva
invulnerable,positiva
camote,positiva
quieto,positiva
prodigioso,positiva
pegadizo,positiva
exuberancia,positiva
meticulosamente,positiva
espacioso,positiva
conciliador,positiva
adaptativo,positiva
fermentar,positiva
fenomenal,positiva
pródigo,positiva
equitativamente,positiva
termonuclear,positiva
jovial,positiva
alabar,positiva
espectacularmente,positiva
conciso,positiva
simplificando,positiva
armonioso,positiva
resplandeciente,positiva
delicia,positiva
angelical,positiva
meticuloso,positiva
idol,positiva
ready,positiva
aplazar,positiva
desmontable,positiva
receptivo,positiva
sensato,positiva
lúcido,positiva
amortización,positiva
terminantemente,positiva
rebasar,positiva
admiradora,positiva
incisivo,positiva
magníficamente,positiva
fast,positiva
survival,positiva
bonificaciones,positiva
complacido,positiva
afectuoso,positiva
sabroso,positiva
better,positiva
augurio,positiva
provechoso,positiva
decencia,positiva
abogar,positiva
support,positiva
adjudicar,positiva
saborear,positiva
idílico,positiva
sabiamente,positiva
pacientemente,positiva
happy,positiva
enhorabuena,positiva
espaldarazo,positiva
grácil,positiva
intrépido,positiva
metódico,positiva
placentero,positiva
juguetón,positiva
divertir,positiva
complacencia,positiva
expansivo,positiva
entendible,positiva
atrevimiento,positiva
tranquilizar,positiva
amistosamente,positiva
agraciado,positiva
important,positiva
elegantemente,positiva
works,positiva
revolucionar,positiva
modern,positiva
lucio,positiva
fun,positiva
sagaz,positiva
reintegrado,positiva
maravillosamente,positiva
afirmativo,positiva
maniobrable,positiva
estabilizarse,positiva
refrescar,positiva
deferencia,positiva
compasivo,positiva
tentar,positiva
progressive,positiva
masters,positiva
imbatible,positiva
encendedor,positiva
brillando,positiva
pudiente,positiva
caballeresco,positiva
ahínco,positiva
vencejo,positiva
subvencionado,positiva
redimir,positiva
excitar,positiva
excedido,positiva
sweet,positiva
sonreír,positiva
cortejar,positiva
caballerosidad,positiva
adelantamiento,positiva
sonrisas,positiva
espumoso,positiva
lead,positiva
infalibilidad,positiva
románticamente,positiva
caritativo,positiva
empoderamiento,positiva
redentor,positiva
inequívoco,positiva
gratificación,positiva
prosperando,positiva
sosiego,positiva
regulable,positiva
gratificante,positiva
evocador,positiva
glorificar,positiva
reembolso,positiva
razonado,positiva
limpiador,positiva
enderezar,positiva
invaluable,positiva
hilarante,positiva
perspicaz,positiva
geek,positiva
entretiene,positiva
easy,positiva
consolar,positiva
avalar,positiva
indulgente,positiva
avidez,positiva
magro,positiva
loable,positiva
asombrosamente,positiva
diligente,positiva
golosina,positiva
inteligentemente,positiva
honrando,positiva
retocar,positiva
endeudado,positiva
reestructurado,positiva
individualizado,positiva
franquear,positiva
cure,positiva
trust,positiva
talent,positiva
alcanzable,positiva
excita,positiva
cuantioso,positiva
revolucionado,positiva
respetuosamente,positiva
available,positiva
fragante,positiva
instructivo,positiva
benévolo,positiva
enough,positiva
durable,positiva
saint,positiva
excelentemente,positiva
elogiar,positiva
pros,positiva
fiduciario,positiva
fanfarria,positiva
ofertar,positiva
servicial,positiva
reanimar,positiva
mechero,positiva
certidumbre,positiva
adorando,positiva
perspicacia,positiva
nutrir,positiva
esperanzador,positiva
encomiable,positiva
cautivar,positiva
fine,positiva
atestiguar,positiva
afectuosamente,positiva
fiar,positiva
award,positiva
apuntalar,positiva
strong,positiva
afirmativamente,positiva
advanced,positiva
admirablemente,positiva
nítido,positiva
gustoso,positiva
calurosamente,positiva
barriendo,positiva
ardientemente,positiva
aleteo,positiva
perfect,positiva
peonza,positiva
felpa,positiva
sentenciar,positiva
privilegiar,positiva
efusión,positiva
win,positiva
magic,positiva
lustroso,positiva
aplaudir,positiva
alentador,positiva
razonada,positiva
dulcemente,positiva
cuerdo,positiva
ganga,positiva
tolerable,positiva
clear,positiva
misericordioso,positiva
beautiful,positiva
ponderar,positiva
pensativo,positiva
alistar,positiva
aclararse,positiva
permisible,positiva
limpiamente,positiva
vívido,positiva
atónito,positiva
melodioso,positiva
exquisitamente,positiva
armoniosamente,positiva
prudentemente,positiva
ondear,positiva
chic,positiva
subvencionar,positiva
pum,positiva
en,negativa
para,negativa
sin,negativa
tiempo,negativa
bajo,negativa
varios,negativa
tipo,negativa
largo,negativa
solo,negativa
muerte,negativa
tierra,negativa
carrera,negativa
casi,negativa
pesar,negativa
mucho,negativa
puesto,negativa
color,negativa
mar,negativa
resto,negativa
discusión,negativa
paso,negativa
alto,negativa
problemas,negativa
situación,negativa
pequeño,negativa
aproximadamente,negativa
dado,negativa
lucha,negativa
interés,negativa
sitio,negativa
división,negativa
niños,negativa
ataque,negativa
baja,negativa
aire,negativa
restos,negativa
canal,negativa
pasado,negativa
falta,negativa
problema,negativa
evitar,negativa
puerto,negativa
propiedad,negativa
piedra,negativa
objeto,negativa
negro,negativa
jugar,negativa
mal,negativa
ir,negativa
usado,negativa
corte,negativa
crítica,negativa
enfermedad,negativa
inferior,negativa
verde,negativa
crisis,negativa
terreno,negativa
contrario,negativa
conflicto,negativa
resistencia,negativa
carga,negativa
regreso,negativa
pobreza,negativa
dejar,negativa
oposición,negativa
caída,negativa
apenas,negativa
corriente,negativa
límite,negativa
pérdida,negativa
golpe,negativa
ataques,negativa
muerto,negativa
corto,negativa
cambiar,negativa
plano,negativa
recibir,negativa
invasión,negativa
entrega,negativa
accidente,negativa
duda,negativa
enorme,negativa
límites,negativa
enemigo,negativa
ficción,negativa
asesinato,negativa
muertos,negativa
batería,negativa
enemigos,negativa
peligro,negativa
prisión,negativa
solar,negativa
riesgo,negativa
abandonar,negativa
cuestión,negativa
particularmente,negativa
perdido,negativa
error,negativa
tocar,negativa
perder,negativa
secreto,negativa
ácido,negativa
crítico,negativa
destrucción,negativa
parecer,negativa
lejos,negativa
críticos,negativa
ausencia,negativa
tarea,negativa
esfuerzo,negativa
oscuro,negativa
tendencia,negativa
disputa,negativa
fabricación,negativa
explotación,negativa
morir,negativa
coche,negativa
rival,negativa
amenaza,negativa
infantil,negativa
conflictos,negativa
daños,negativa
solitario,negativa
extranjero,negativa
grave,negativa
matar,negativa
atacar,negativa
pico,negativa
cáncer,negativa
borrado,negativa
ligeramente,negativa
piso,negativa
dificultades,negativa
emisión,negativa
muere,negativa
responsabilidad,negativa
rebelión,negativa
dolor,negativa
luchar,negativa
estudiante,negativa
privado,negativa
flujo,negativa
pelea,negativa
imposible,negativa
eliminar,negativa
argumento,negativa
descenso,negativa
trama,negativa
dividido,negativa
esclavos,negativa
referirse,negativa
virus,negativa
usados,negativa
pena,negativa
destruir,negativa
caer,negativa
exilio,negativa
ejercicio,negativa
izquierdo,negativa
errores,negativa
cárcel,negativa
fracaso,negativa
ruinas,negativa
pan,negativa
daño,negativa
pierde,negativa
perro,negativa
tensión,negativa
propietario,negativa
enfrentamiento,negativa
retirarse,negativa
punk,negativa
desierto,negativa
asalto,negativa
formal,negativa
bomba,negativa
cuestiones,negativa
renuncia,negativa
víctima,negativa
puertos,negativa
regla,negativa
miedo,negativa
peor,negativa
bloqueo,negativa
dificultad,negativa
retiro,negativa
sufre,negativa
evidente,negativa
síntomas,negativa
lesión,negativa
abandonado,negativa
escasa,negativa
depresión,negativa
huir,negativa
sufrido,negativa
incidente,negativa
negativa,negativa
partidarios,negativa
disputar,negativa
persecución,negativa
pobre,negativa
específico,negativa
ofensiva,negativa
eliminación,negativa
condenado,negativa
retirado,negativa
desconocido,negativa
explosión,negativa
artificial,negativa
gótico,negativa
parcial,negativa
disolución,negativa
vacío,negativa
índice,negativa
cobertura,negativa
marrón,negativa
radical,negativa
limitado,negativa
copa,negativa
fallecimiento,negativa
disputado,negativa
dudas,negativa
terror,negativa
crimen,negativa
cueva,negativa
débil,negativa
tanques,negativa
cardenal,negativa
concesión,negativa
gravedad,negativa
venganza,negativa
rechazo,negativa
deuda,negativa
controversia,negativa
dominante,negativa
pérdidas,negativa
asesino,negativa
represión,negativa
romper,negativa
golfo,negativa
tablas,negativa
revuelta,negativa
sufrir,negativa
ruptura,negativa
ficticio,negativa
asedio,negativa
asamblea,negativa
extraño,negativa
parada,negativa
gráfica,negativa
aplicar,negativa
protesta,negativa
curva,negativa
disminución,negativa
enfrentar,negativa
polvo,negativa
heridas,negativa
cría,negativa
intenso,negativa
experimental,negativa
provisional,negativa
protestas,negativa
corrupción,negativa
luchas,negativa
preocupación,negativa
huelga,negativa
maestra,negativa
prisionero,negativa
lento,negativa
emergencia,negativa
confusión,negativa
conservador,negativa
culpa,negativa
impedir,negativa
síndrome,negativa
mata,negativa
huevo,negativa
rumores,negativa
delito,negativa
contaminación,negativa
superficial,negativa
húmedo,negativa
mito,negativa
niega,negativa
bebida,negativa
pesado,negativa
castigo,negativa
opuesto,negativa
sentir,negativa
apartado,negativa
rivalidad,negativa
ruido,negativa
censura,negativa
grueso,negativa
provocar,negativa
golpes,negativa
cerdo,negativa
ilegal,negativa
desastre,negativa
énfasis,negativa
bombardeo,negativa
misterio,negativa
exceso,negativa
depósito,negativa
luchando,negativa
irregular,negativa
causado,negativa
albergar,negativa
lentamente,negativa
infección,negativa
trío,negativa
oponente,negativa
escándalo,negativa
radicales,negativa
rompió,negativa
entregar,negativa
tragedia,negativa
incapaz,negativa
descendencia,negativa
duelo,negativa
traición,negativa
propaganda,negativa
cadáver,negativa
barro,negativa
demonio,negativa
templado,negativa
escaso,negativa
enfermo,negativa
violación,negativa
decadencia,negativa
condena,negativa
fuga,negativa
renunciar,negativa
fallo,negativa
accidentes,negativa
hierba,negativa
negativo,negativa
emitir,negativa
delitos,negativa
escasez,negativa
lagunas,negativa
hambre,negativa
concedido,negativa
FALSO,negativa
sacrificio,negativa
acusaciones,negativa
tanque,negativa
prevenir,negativa
bolsa,negativa
sometido,negativa
interesado,negativa
denuncia,negativa
aislamiento,negativa
rebelde,negativa
salvaje,negativa
odio,negativa
dragón,negativa
criminal,negativa
manchas,negativa
peculiar,negativa
conspiración,negativa
amenazas,negativa
gravemente,negativa
parodia,negativa
rendición,negativa
prohibido,negativa
fiebre,negativa
primitivo,negativa
nervioso,negativa
choque,negativa
rechazado,negativa
citar,negativa
terrible,negativa
monstruo,negativa
culpable,negativa
recorrer,negativa
dictador,negativa
oscuridad,negativa
residuos,negativa
macizo,negativa
enfermos,negativa
raro,negativa
guerrero,negativa
vestigios,negativa
palo,negativa
virgen,negativa
fabricar,negativa
inclinación,negativa
riesgos,negativa
sumamente,negativa
diagrama,negativa
defensiva,negativa
defecto,negativa
limitaciones,negativa
asesinar,negativa
agujero,negativa
suicidio,negativa
robo,negativa
concede,negativa
anarquista,negativa
criticado,negativa
falla,negativa
peligroso,negativa
cortar,negativa
hueco,negativa
esclavitud,negativa
caos,negativa
trastorno,negativa
caído,negativa
contienda,negativa
abuso,negativa
despedido,negativa
estrictamente,negativa
desfile,negativa
escape,negativa
disminuir,negativa
bajar,negativa
nubes,negativa
rechaza,negativa
inusual,negativa
erosión,negativa
defensivo,negativa
preferencia,negativa
invención,negativa
deterioro,negativa
erupción,negativa
herida,negativa
discutir,negativa
masacre,negativa
envío,negativa
dividir,negativa
olor,negativa
acumulación,negativa
debilidad,negativa
triste,negativa
tardío,negativa
malo,negativa
esqueleto,negativa
acento,negativa
infierno,negativa
colapso,negativa
ira,negativa
resultar,negativa
negativos,negativa
humo,negativa
extender,negativa
monstruos,negativa
trampa,negativa
pelear,negativa
partidario,negativa
parar,negativa
robar,negativa
sospecha,negativa
desgracia,negativa
vano,negativa
deudas,negativa
imponer,negativa
absolutamente,negativa
mortal,negativa
inminente,negativa
discriminación,negativa
débiles,negativa
cómico,negativa
desafío,negativa
estallido,negativa
basura,negativa
alejado,negativa
terrorismo,negativa
aislado,negativa
herederos,negativa
droga,negativa
aumentado,negativa
loco,negativa
epidemia,negativa
acusación,negativa
separar,negativa
surgimiento,negativa
confundir,negativa
inestabilidad,negativa
táctica,negativa
proceder,negativa
misterioso,negativa
rojizo,negativa
salvajes,negativa
obstáculos,negativa
explotar,negativa
retraso,negativa
grasa,negativa
disturbios,negativa
descontento,negativa
fraude,negativa
infecciones,negativa
locura,negativa
diablo,negativa
tortura,negativa
envuelto,negativa
violento,negativa
peleas,negativa
manipulación,negativa
criado,negativa
sequía,negativa
abusos,negativa
descender,negativa
arresto,negativa
proponer,negativa
defectos,negativa
matanza,negativa
pecado,negativa
turca,negativa
veneno,negativa
concesiones,negativa
soledad,negativa
duramente,negativa
estricto,negativa
pálido,negativa
hard,negativa
villano,negativa
rechazar,negativa
mate,negativa
nube,negativa
hundimiento,negativa
fanáticos,negativa
dureza,negativa
peste,negativa
suspendido,negativa
determinante,negativa
arranque,negativa
huye,negativa
roto,negativa
sopa,negativa
óxido,negativa
preso,negativa
gripe,negativa
atrapado,negativa
exiliado,negativa
insurrección,negativa
drenaje,negativa
aproximado,negativa
supresión,negativa
degradación,negativa
ausente,negativa
bloqueado,negativa
sufrimiento,negativa
aborto,negativa
bruja,negativa
ocultar,negativa
incapacidad,negativa
cuchillo,negativa
quejas,negativa
ilusión,negativa
estallar,negativa
broma,negativa
lapso,negativa
revés,negativa
estrés,negativa
carencia,negativa
quitar,negativa
grito,negativa
erróneamente,negativa
bloquear,negativa
trasero,negativa
difunto,negativa
cruel,negativa
posturas,negativa
maldición,negativa
invadir,negativa
esclavo,negativa
busto,negativa
expulsar,negativa
desacuerdo,negativa
ciego,negativa
fallos,negativa
pánico,negativa
ruina,negativa
golpear,negativa
cargar,negativa
anarquismo,negativa
fascista,negativa
exclusión,negativa
paja,negativa
cerco,negativa
dañado,negativa
notoriedad,negativa
agresión,negativa
hegemonía,negativa
hostilidades,negativa
diamante,negativa
retroceso,negativa
quebrada,negativa
inestable,negativa
crudo,negativa
vengarse,negativa
acusa,negativa
gruesa,negativa
denuncias,negativa
restricción,negativa
insuficiencia,negativa
malvado,negativa
bestia,negativa
disminuyendo,negativa
asesina,negativa
niebla,negativa
sonar,negativa
interrupción,negativa
mancha,negativa
solemne,negativa
preocupaciones,negativa
perseguir,negativa
limón,negativa
inevitable,negativa
destructor,negativa
saqueo,negativa
advertencia,negativa
robado,negativa
derrocar,negativa
preocupado,negativa
plaga,negativa
adversario,negativa
radicalmente,negativa
celos,negativa
escisión,negativa
ofensivo,negativa
polémico,negativa
saco,negativa
denso,negativa
confrontación,negativa
bélico,negativa
desventaja,negativa
revertir,negativa
someter,negativa
villanos,negativa
ladrones,negativa
insuficiente,negativa
parrilla,negativa
desorden,negativa
limitación,negativa
fallas,negativa
excusa,negativa
cólera,negativa
prolongada,negativa
engaño,negativa
invisible,negativa
espionaje,negativa
sospechas,negativa
brutal,negativa
adelantado,negativa
tiburón,negativa
preliminar,negativa
ladrón,negativa
revancha,negativa
mandado,negativa
manipular,negativa
ambición,negativa
explosivo,negativa
aglomeración,negativa
atrapar,negativa
prolongado,negativa
inútil,negativa
frenar,negativa
fatal,negativa
death,negativa
militancia,negativa
limitar,negativa
mudo,negativa
imaginario,negativa
huyendo,negativa
sorprendido,negativa
inconvenientes,negativa
tristeza,negativa
rendirse,negativa
feroz,negativa
rumor,negativa
fascismo,negativa
imponente,negativa
restringido,negativa
incertidumbre,negativa
retórica,negativa
imposición,negativa
acoso,negativa
hostil,negativa
trágico,negativa
fractura,negativa
vulnerable,negativa
hundido,negativa
retroceder,negativa
desintegración,negativa
caro,negativa
alterar,negativa
alarma,negativa
guerrillero,negativa
robos,negativa
negado,negativa
inflamación,negativa
confesión,negativa
interferencia,negativa
rotura,negativa
racismo,negativa
genocidio,negativa
confundido,negativa
cerdos,negativa
popa,negativa
miseria,negativa
oponerse,negativa
botín,negativa
cocido,negativa
influir,negativa
implicación,negativa
imitar,negativa
coincidir,negativa
enferma,negativa
vulgar,negativa
manufactura,negativa
marginal,negativa
timbre,negativa
dolores,negativa
alejarse,negativa
persistente,negativa
sospechoso,negativa
controvertido,negativa
inconveniente,negativa
catástrofe,negativa
erupciones,negativa
abertura,negativa
lazo,negativa
urgencia,negativa
absurdo,negativa
molesta,negativa
contradicción,negativa
burla,negativa
drásticamente,negativa
emboscada,negativa
paloma,negativa
inesperado,negativa
golpeado,negativa
malestar,negativa
dañar,negativa
deficiencia,negativa
exterminio,negativa
fronterizo,negativa
anular,negativa
rutina,negativa
mentira,negativa
curvatura,negativa
derrocamiento,negativa
caídas,negativa
destierro,negativa
mezclar,negativa
desviación,negativa
frágil,negativa
agitación,negativa
severo,negativa
quemado,negativa
die,negativa
tirar,negativa
ironía,negativa
desesperación,negativa
detrimento,negativa
hostilidad,negativa
negación,negativa
diverso,negativa
antagonista,negativa
títere,negativa
concha,negativa
complot,negativa
irrelevante,negativa
conceder,negativa
plantear,negativa
derribar,negativa
bruto,negativa
disidentes,negativa
humorista,negativa
contención,negativa
ignorancia,negativa
traidor,negativa
violentamente,negativa
insular,negativa
desprecio,negativa
chimenea,negativa
desplazado,negativa
coger,negativa
enano,negativa
prejuicios,negativa
temperamento,negativa
incorrecto,negativa
pretensión,negativa
suicida,negativa
notorio,negativa
furia,negativa
queja,negativa
dividirse,negativa
confunde,negativa
frustrado,negativa
crueldad,negativa
grietas,negativa
deficiencias,negativa
suprimir,negativa
desigualdad,negativa
accidental,negativa
escombros,negativa
desigual,negativa
quemar,negativa
prostituta,negativa
llorar,negativa
vice,negativa
dedicar,negativa
inquietud,negativa
subordinados,negativa
martirio,negativa
desnivel,negativa
brote,negativa
denunciar,negativa
hacha,negativa
desterrado,negativa
criada,negativa
tirano,negativa
thrash,negativa
urgente,negativa
fracasado,negativa
angustia,negativa
acantilado,negativa
lote,negativa
helado,negativa
difícilmente,negativa
rigidez,negativa
pasivo,negativa
trazas,negativa
negar,negativa
torturas,negativa
peaje,negativa
incierto,negativa
rocoso,negativa
vergüenza,negativa
insultos,negativa
rígido,negativa
parásito,negativa
forjado,negativa
inexistente,negativa
opresión,negativa
gigantesco,negativa
parcela,negativa
sed,negativa
trucos,negativa
inclinado,negativa
perdedor,negativa
procesar,negativa
fricción,negativa
males,negativa
lamentablemente,negativa
señorita,negativa
molesto,negativa
despido,negativa
obligar,negativa
horrible,negativa
desagradable,negativa
sospechar,negativa
cansado,negativa
huérfano,negativa
letal,negativa
prohibir,negativa
vengar,negativa
negarse,negativa
picado,negativa
siniestro,negativa
riguroso,negativa
agotamiento,negativa
desconfianza,negativa
subordinado,negativa
distorsión,negativa
tóxico,negativa
amargo,negativa
equivocado,negativa
sabotaje,negativa
alterado,negativa
engañar,negativa
costoso,negativa
revestimiento,negativa
desesperado,negativa
furioso,negativa
fatiga,negativa
delincuencia,negativa
caricatura,negativa
deficiente,negativa
odia,negativa
rígida,negativa
transcurrido,negativa
decepción,negativa
estática,negativa
castigar,negativa
ambigüedad,negativa
criticar,negativa
imaginar,negativa
recesión,negativa
doblado,negativa
frustración,negativa
puño,negativa
esqueletos,negativa
disculpa,negativa
hambruna,negativa
estragos,negativa
carecer,negativa
violar,negativa
arrancar,negativa
polarización,negativa
carril,negativa
repartir,negativa
incumplimiento,negativa
mentiras,negativa
naufragio,negativa
carente,negativa
inactivo,negativa
truco,negativa
páramo,negativa
torturado,negativa
maldad,negativa
ciega,negativa
ruidos,negativa
rabia,negativa
anarquía,negativa
retrasos,negativa
herejía,negativa
injusticia,negativa
esclava,negativa
congelado,negativa
depresiones,negativa
luchado,negativa
perforación,negativa
rematado,negativa
giros,negativa
improbable,negativa
aislar,negativa
trazar,negativa
interrupciones,negativa
acumular,negativa
payaso,negativa
enemistad,negativa
colgado,negativa
invasor,negativa
incompleto,negativa
expropiación,negativa
disgusto,negativa
casual,negativa
sofocar,negativa
ilegalmente,negativa
canasta,negativa
satírico,negativa
desventajas,negativa
frito,negativa
charla,negativa
escándalos,negativa
indiferencia,negativa
capitular,negativa
objeciones,negativa
preocuparse,negativa
mote,negativa
guardado,negativa
síntoma,negativa
estancamiento,negativa
fanático,negativa
fumar,negativa
ilegítimo,negativa
inseguridad,negativa
servidumbre,negativa
torpe,negativa
quemaduras,negativa
luto,negativa
gordo,negativa
agotado,negativa
abruptamente,negativa
derrame,negativa
inhibición,negativa
cómoda,negativa
fúnebre,negativa
borracho,negativa
interrumpir,negativa
encarcelamiento,negativa
vibración,negativa
pagano,negativa
exigente,negativa
pesadilla,negativa
dilema,negativa
deposición,negativa
corrosión,negativa
advertido,negativa
excentricidad,negativa
anormal,negativa
ano,negativa
arcaico,negativa
maltrato,negativa
indefinido,negativa
brutalmente,negativa
shock,negativa
escepticismo,negativa
torrente,negativa
tiranía,negativa
desplazar,negativa
lamentable,negativa
ebullición,negativa
latente,negativa
culpabilidad,negativa
temores,negativa
fracasar,negativa
sacrificar,negativa
dormido,negativa
confuso,negativa
confesiones,negativa
atrocidades,negativa
resentimiento,negativa
maligno,negativa
precaución,negativa
evasión,negativa
demora,negativa
interferir,negativa
agresividad,negativa
instinto,negativa
filtración,negativa
celoso,negativa
abismo,negativa
reprimir,negativa
descensos,negativa
repeler,negativa
indignación,negativa
sesgo,negativa
cansancio,negativa
indeterminado,negativa
efigie,negativa
racista,negativa
tímido,negativa
inferioridad,negativa
jerga,negativa
tonto,negativa
trucha,negativa
melancolía,negativa
sucio,negativa
padecer,negativa
molestia,negativa
pala,negativa
faltar,negativa
irónicamente,negativa
distracción,negativa
poste,negativa
bruscamente,negativa
conmoción,negativa
inesperadamente,negativa
incorrectamente,negativa
congelación,negativa
arrojar,negativa
intermitente,negativa
apagado,negativa
obsoleto,negativa
aleatorio,negativa
remover,negativa
irónico,negativa
ilusiones,negativa
confusiones,negativa
arrojado,negativa
protestar,negativa
innecesario,negativa
inadecuado,negativa
desesperadamente,negativa
trauma,negativa
dudar,negativa
fugaz,negativa
falsificación,negativa
doblar,negativa
extravagante,negativa
cuelga,negativa
anomalía,negativa
mercenario,negativa
arrogante,negativa
congestión,negativa
severidad,negativa
infectado,negativa
rehén,negativa
inevitablemente,negativa
aplastante,negativa
arrastrado,negativa
confinado,negativa
guarida,negativa
boicot,negativa
retrasar,negativa
engañado,negativa
egoísta,negativa
desequilibrio,negativa
desempleados,negativa
chocar,negativa
usurpador,negativa
quehacer,negativa
ignorar,negativa
falacia,negativa
anochecer,negativa
estigma,negativa
temple,negativa
dudoso,negativa
regresión,negativa
bustos,negativa
ridículo,negativa
incompatible,negativa
deserción,negativa
amenazar,negativa
insulto,negativa
perjudicial,negativa
olfato,negativa
bombo,negativa
corrupto,negativa
pega,negativa
disidente,negativa
evadir,negativa
depredador,negativa
obstrucción,negativa
ultimátum,negativa
irracional,negativa
sangriento,negativa
estéril,negativa
incansable,negativa
intolerancia,negativa
seducir,negativa
infracción,negativa
esconder,negativa
notoriamente,negativa
prisa,negativa
desfavorable,negativa
deteriorado,negativa
retrasado,negativa
desfiladero,negativa
vómitos,negativa
debilidades,negativa
indiferente,negativa
impar,negativa
promocionado,negativa
problemático,negativa
implacable,negativa
estereotipo,negativa
vestigio,negativa
inerte,negativa
aplastar,negativa
excéntrico,negativa
delincuente,negativa
masacres,negativa
marionetas,negativa
debilitar,negativa
carpa,negativa
impopular,negativa
repentino,negativa
persuadir,negativa
colgar,negativa
mediocre,negativa
acusando,negativa
bombardear,negativa
brutalidad,negativa
trivial,negativa
predilección,negativa
tentación,negativa
impedimento,negativa
infiel,negativa
tempestad,negativa
penalti,negativa
pegado,negativa
apagar,negativa
prolongar,negativa
insignificante,negativa
descuido,negativa
desagüe,negativa
perturbación,negativa
irreversible,negativa
pasarse,negativa
cisterna,negativa
falsedad,negativa
abatido,negativa
sobrio,negativa
injustamente,negativa
feo,negativa
estático,negativa
tabú,negativa
restringir,negativa
farsa,negativa
erróneo,negativa
áspero,negativa
saquear,negativa
sangría,negativa
oposiciones,negativa
traidores,negativa
suelto,negativa
látigo,negativa
criticando,negativa
condenar,negativa
degeneración,negativa
maleza,negativa
lata,negativa
sujeción,negativa
mortalmente,negativa
cicatrices,negativa
acusar,negativa
dictatorial,negativa
devastador,negativa
provocación,negativa
lamenta,negativa
sangrado,negativa
aislante,negativa
misteriosamente,negativa
arrepentimiento,negativa
implicar,negativa
rareza,negativa
moribundo,negativa
cobarde,negativa
metido,negativa
hundir,negativa
temible,negativa
omisión,negativa
agonía,negativa
robada,negativa
desértico,negativa
cicatriz,negativa
burlas,negativa
aversión,negativa
humillación,negativa
controversial,negativa
ambiguo,negativa
conspiraciones,negativa
portado,negativa
injusto,negativa
Moody,negativa
inmóvil,negativa
desobediencia,negativa
racistas,negativa
rencor,negativa
asaltar,negativa
acelerador,negativa
arbitrario,negativa
grieta,negativa
gastado,negativa
diablos,negativa
destrozado,negativa
pegar,negativa
paliza,negativa
llanto,negativa
molestar,negativa
insostenible,negativa
inventar,negativa
fugas,negativa
temer,negativa
rue,negativa
aburrido,negativa
paradójicamente,negativa
exagerado,negativa
privación,negativa
abrupto,negativa
pretender,negativa
desapercibido,negativa
romperse,negativa
adicto,negativa
creído,negativa
sartén,negativa
decaer,negativa
vagabundo,negativa
irritación,negativa
inaceptable,negativa
perdedores,negativa
complicación,negativa
codicia,negativa
anhelo,negativa
herir,negativa
enojado,negativa
bastardo,negativa
cuña,negativa
prescripción,negativa
sirvienta,negativa
excedente,negativa
deshacer,negativa
robadas,negativa
errante,negativa
aplastado,negativa
escéptico,negativa
fisuras,negativa
doloroso,negativa
ternura,negativa
extremistas,negativa
robados,negativa
maldito,negativa
cesta,negativa
pica,negativa
infame,negativa
gueto,negativa
arenoso,negativa
savia,negativa
rotundamente,negativa
impedancia,negativa
olores,negativa
doom,negativa
desafortunadamente,negativa
arruinado,negativa
confesar,negativa
desigualdades,negativa
tributaria,negativa
incienso,negativa
catástrofes,negativa
injusticias,negativa
incesante,negativa
devastación,negativa
camarilla,negativa
enfatizar,negativa
negligencia,negativa
estafa,negativa
avalancha,negativa
arrastrar,negativa
decaimiento,negativa
ofensa,negativa
huérfana,negativa
graso,negativa
empeorar,negativa
chiste,negativa
competitivos,negativa
lamento,negativa
brusco,negativa
crónico,negativa
decadente,negativa
provisorio,negativa
parcialidad,negativa
decepcionado,negativa
tristemente,negativa
irregularidad,negativa
helada,negativa
espinoso,negativa
destructivo,negativa
despedir,negativa
vicio,negativa
prejuicio,negativa
rebelarse,negativa
devastado,negativa
decreciente,negativa
break,negativa
invasora,negativa
decepcionante,negativa
arrastrando,negativa
redundancia,negativa
prohibiendo,negativa
ofendido,negativa
fugitivo,negativa
discutible,negativa
astucia,negativa
mierda,negativa
cómplices,negativa
acuñar,negativa
tocino,negativa
incómodo,negativa
violada,negativa
vándalo,negativa
musaraña,negativa
fanatismo,negativa
sombrío,negativa
desgraciadamente,negativa
paralizado,negativa
egoísmo,negativa
rarezas,negativa
discrepancia,negativa
venenoso,negativa
vago,negativa
pésimo,negativa
pillaje,negativa
extrañar,negativa
espeso,negativa
escaramuza,negativa
contaminado,negativa
bárbaro,negativa
tapón,negativa
dark,negativa
redundante,negativa
melancólico,negativa
deprimido,negativa
matones,negativa
desastroso,negativa
sufrimientos,negativa
negando,negativa
ingenuo,negativa
desactivar,negativa
zombie,negativa
impotencia,negativa
soberbia,negativa
rústico,negativa
perjudicar,negativa
matadero,negativa
vanidad,negativa
soltar,negativa
predisposición,negativa
enigmático,negativa
diluvio,negativa
deshizo,negativa
precario,negativa
objeción,negativa
presunción,negativa
ignorante,negativa
esquivar,negativa
zombi,negativa
carnicería,negativa
marioneta,negativa
discordia,negativa
rejilla,negativa
chatarra,negativa
agresor,negativa
abolir,negativa
alegaciones,negativa
ilícito,negativa
austero,negativa
rudo,negativa
opaco,negativa
enojo,negativa
demandar,negativa
despreciable,negativa
caótico,negativa
inquietante,negativa
atraso,negativa
víbora,negativa
inhibir,negativa
necesitado,negativa
falsamente,negativa
infeliz,negativa
superstición,negativa
inseguro,negativa
despiadado,negativa
impunidad,negativa
acosado,negativa
suciedad,negativa
quebrado,negativa
ansias,negativa
sobrepeso,negativa
traicionar,negativa
ruinoso,negativa
estaca,negativa
altercado,negativa
mujeriego,negativa
aniquilación,negativa
enfurecido,negativa
sordo,negativa
insólito,negativa
pesimismo,negativa
estrellado,negativa
delirio,negativa
recelo,negativa
taxista,negativa
subraya,negativa
inaccesible,negativa
odiado,negativa
contratiempos,negativa
intimidación,negativa
perforar,negativa
sacrificado,negativa
neblina,negativa
hipocresía,negativa
faena,negativa
alienación,negativa
volátil,negativa
miserable,negativa
crack,negativa
despectivo,negativa
asustado,negativa
infernal,negativa
hirviendo,negativa
alterando,negativa
reacio,negativa
repudio,negativa
precipitado,negativa
arrogancia,negativa
inquieto,negativa
adverso,negativa
ineficaz,negativa
demoler,negativa
desafortunado,negativa
infracciones,negativa
enfadado,negativa
desilusión,negativa
exterminar,negativa
soborno,negativa
inapropiado,negativa
conspirar,negativa
atropellado,negativa
preocupante,negativa
pesimista,negativa
difamación,negativa
burlarse,negativa
aniquilar,negativa
vertedero,negativa
mazmorras,negativa
incompatibilidad,negativa
déspota,negativa
arrojando,negativa
paranoia,negativa
imperialista,negativa
traiciona,negativa
latencia,negativa
desafiante,negativa
capricho,negativa
inexplicable,negativa
hundirse,negativa
avería,negativa
dolencia,negativa
arduo,negativa
sabotear,negativa
incógnita,negativa
fundir,negativa
fango,negativa
ulterior,negativa
recargar,negativa
derramamiento,negativa
usurpación,negativa
obsesivo,negativa
insatisfacción,negativa
dificultar,negativa
cebo,negativa
calvario,negativa
furor,negativa
histeria,negativa
carnicero,negativa
terriblemente,negativa
mentir,negativa
calabozo,negativa
bancada,negativa
desconocer,negativa
extorsión,negativa
trágicamente,negativa
perra,negativa
moler,negativa
lío,negativa
filtrar,negativa
asustar,negativa
matador,negativa
fisura,negativa
mendigo,negativa
hostigamiento,negativa
inconcluso,negativa
manchado,negativa
malentendido,negativa
extrañamente,negativa
subrayar,negativa
profano,negativa
gimmick,negativa
fiebres,negativa
cuestionable,negativa
arruinar,negativa
establos,negativa
propenso,negativa
fingir,negativa
rayado,negativa
idiota,negativa
desordenado,negativa
dentado,negativa
quebrar,negativa
insoportable,negativa
turbulento,negativa
sacrificados,negativa
fugarse,negativa
exageración,negativa
repetitivo,negativa
partidista,negativa
incompetencia,negativa
desinterés,negativa
mermelada,negativa
irresponsable,negativa
trick,negativa
impotente,negativa
grotesco,negativa
concurrido,negativa
imaginado,negativa
drástico,negativa
vil,negativa
perezoso,negativa
enfado,negativa
ebrio,negativa
split,negativa
involuntariamente,negativa
omitir,negativa
fobia,negativa
disidencia,negativa
predeterminado,negativa
humillante,negativa
distensión,negativa
estúpido,negativa
abortar,negativa
inconstitucional,negativa
desaprobación,negativa
perturbado,negativa
insultar,negativa
inexperiencia,negativa
tenso,negativa
superficialmente,negativa
imperfecto,negativa
contradictorio,negativa
sitiar,negativa
descuidado,negativa
anticuado,negativa
puta,negativa
arrebatado,negativa
involuntario,negativa
cortante,negativa
amargura,negativa
resonante,negativa
inacabado,negativa
impostor,negativa
refutar,negativa
puñal,negativa
disuadir,negativa
debacle,negativa
inundado,negativa
intimidar,negativa
perjudicado,negativa
lamentó,negativa
alegato,negativa
quejarse,negativa
desperdicios,negativa
retrasada,negativa
manía,negativa
hervir,negativa
defectuoso,negativa
consternación,negativa
antojo,negativa
temeroso,negativa
horda,negativa
atormentado,negativa
subversión,negativa
puñetazo,negativa
abusivo,negativa
escarpado,negativa
ceja,negativa
mentiroso,negativa
flagelo,negativa
tapar,negativa
alergia,negativa
irritante,negativa
perforado,negativa
ofender,negativa
acentuar,negativa
agitado,negativa
estofado,negativa
cínico,negativa
contencioso,negativa
infieles,negativa
acostado,negativa
envolver,negativa
tormento,negativa
arrebatar,negativa
impredecible,negativa
atrofia,negativa
repulsión,negativa
inmoral,negativa
estupidez,negativa
encarcelar,negativa
alboroto,negativa
intrusión,negativa
desacreditar,negativa
vómito,negativa
desdén,negativa
inmaterial,negativa
culpar,negativa
innecesarios,negativa
hereje,negativa
sarcasmo,negativa
precipitadamente,negativa
oportunista,negativa
melancólica,negativa
lástima,negativa
infructuoso,negativa
congelar,negativa
caerse,negativa
desafortunada,negativa
remordimiento,negativa
voluminoso,negativa
virulencia,negativa
rampante,negativa
oblicuo,negativa
fragmentado,negativa
empobrecido,negativa
compulsivo,negativa
agotar,negativa
sarcástico,negativa
molestado,negativa
injerto,negativa
ferocidad,negativa
despotismo,negativa
amenazante,negativa
vertiginoso,negativa
oponer,negativa
mazmorra,negativa
interfiere,negativa
obtuso,negativa
adictos,negativa
acostarse,negativa
recaer,negativa
marginado,negativa
decrecimiento,negativa
hinchazón,negativa
turbulencia,negativa
coacción,negativa
bufón,negativa
excusas,negativa
anzuelo,negativa
incomprensible,negativa
divergente,negativa
puerco,negativa
padecimiento,negativa
tosco,negativa
chantaje,negativa
moco,negativa
limo,negativa
desviarse,negativa
desarmar,negativa
soplar,negativa
confrontar,negativa
malentendidos,negativa
intruso,negativa
desagrado,negativa
traste,negativa
indignado,negativa
ineficiente,negativa
empeoramiento,negativa
ardor,negativa
picadura,negativa
penoso,negativa
inmaduro,negativa
humos,negativa
dañino,negativa
antipatía,negativa
totalitario,negativa
disgustado,negativa
tirón,negativa
idear,negativa
revocar,negativa
equivocación,negativa
discontinuidad,negativa
moho,negativa
inválido,negativa
desprovisto,negativa
despacio,negativa
traumático,negativa
súbito,negativa
ruda,negativa
inanición,negativa
equivocadamente,negativa
apocalíptico,negativa
torpeza,negativa
roza,negativa
devorar,negativa
aburrimiento,negativa
culo,negativa
afrenta,negativa
sifón,negativa
puntal,negativa
incomodidad,negativa
funky,negativa
estrellarse,negativa
escandaloso,negativa
apocalipsis,negativa
antagonismo,negativa
obscuro,negativa
nieblas,negativa
extremista,negativa
sombreado,negativa
destrozar,negativa
trastes,negativa
soberbio,negativa
señuelo,negativa
noise,negativa
incompetente,negativa
calamidades,negativa
flojo,negativa
cruelmente,negativa
retórico,negativa
rail,negativa
letargo,negativa
despectivamente,negativa
censurar,negativa
frustrar,negativa
desfilar,negativa
animadversión,negativa
alarmante,negativa
incontrolable,negativa
combativo,negativa
ineludible,negativa
charco,negativa
picar,negativa
ligar,negativa
apatía,negativa
desechar,negativa
capullo,negativa
arriesgar,negativa
alergias,negativa
matón,negativa
estancado,negativa
torturar,negativa
pulir,negativa
perverso,negativa
nerviosismo,negativa
bravura,negativa
relajarse,negativa
recelos,negativa
drag,negativa
ineficacia,negativa
imprudente,negativa
bengalas,negativa
represivo,negativa
inflexible,negativa
arrasar,negativa
penumbra,negativa
peligrar,negativa
mire,negativa
manipulador,negativa
impulsivo,negativa
dispar,negativa
descomponer,negativa
oxidado,negativa
intransigente,negativa
escoria,negativa
papelera,negativa
dificultoso,negativa
desconcertante,negativa
tumulto,negativa
zorra,negativa
impenetrable,negativa
tic,negativa
monotonía,negativa
estratagema,negativa
borrosa,negativa
sacudida,negativa
plebeyo,negativa
cancer,negativa
riña,negativa
imperfecciones,negativa
goteo,negativa
desolado,negativa
deplorable,negativa
celosamente,negativa
adversidad,negativa
travieso,negativa
arrugas,negativa
vergonzoso,negativa
reparos,negativa
ruidoso,negativa
recaída,negativa
desertar,negativa
insensible,negativa
duele,negativa
desilusionado,negativa
citación,negativa
pícaro,negativa
insultado,negativa
vicioso,negativa
paradójico,negativa
nublado,negativa
monstruoso,negativa
engañosa,negativa
avergonzado,negativa
agallas,negativa
rupturas,negativa
pantanoso,negativa
diabólico,negativa
malicia,negativa
líos,negativa
bugs,negativa
reaccionario,negativa
indefenso,negativa
catastrófico,negativa
tapado,negativa
súplicas,negativa
simplista,negativa
desgraciado,negativa
perturbar,negativa
susto,negativa
proscrito,negativa
inconsistencias,negativa
contraproducente,negativa
pito,negativa
incredulidad,negativa
degenerado,negativa
comodín,negativa
blasfemia,negativa
beligerante,negativa
bebido,negativa
abrumador,negativa
pegajoso,negativa
inexperto,negativa
escama,negativa
drenar,negativa
descuidar,negativa
aplastamiento,negativa
abatir,negativa
descrédito,negativa
retar,negativa
odiar,negativa
interrumpieron,negativa
extinguir,negativa
enredo,negativa
demoníaco,negativa
confiscado,negativa
lastimar,negativa
fundamentalismo,negativa
celosía,negativa
vibrar,negativa
gángster,negativa
distorsionado,negativa
indecisión,negativa
flaco,negativa
discriminar,negativa
agonizante,negativa
reticente,negativa
perdición,negativa
infiltrados,negativa
distanciado,negativa
impensable,negativa
colapsar,negativa
alucinación,negativa
mulato,negativa
mella,negativa
inundar,negativa
horrorizado,negativa
derruido,negativa
tank,negativa
chismes,negativa
insuperable,negativa
infligir,negativa
loba,negativa
disturbio,negativa
desleal,negativa
demente,negativa
resfriado,negativa
radicalización,negativa
lamentar,negativa
dead,negativa
contaminar,negativa
cataclismo,negativa
bug,negativa
antagónico,negativa
varado,negativa
sucumbir,negativa
desorganización,negativa
junco,negativa
escamoso,negativa
coerción,negativa
hipócrita,negativa
deteriorarse,negativa
curtido,negativa
resentido,negativa
refutación,negativa
desagües,negativa
envenenar,negativa
basurero,negativa
sima,negativa
minar,negativa
retorcido,negativa
inflado,negativa
indeciso,negativa
contradecir,negativa
abandonos,negativa
penuria,negativa
delirante,negativa
bromista,negativa
revolver,negativa
insatisfecho,negativa
furtivo,negativa
frustraciones,negativa
subversivo,negativa
salvajemente,negativa
jam,negativa
indebido,negativa
deformado,negativa
queer,negativa
frenético,negativa
FALSE,negativa
impreciso,negativa
fatalmente,negativa
despreciado,negativa
asco,negativa
vertederos,negativa
usurpar,negativa
conspirador,negativa
pinchar,negativa
pereza,negativa
inconsistente,negativa
clamor,negativa
inalcanzable,negativa
dificultosa,negativa
azote,negativa
temerario,negativa
sanguinario,negativa
némesis,negativa
moderar,negativa
maltratado,negativa
degradar,negativa
cercar,negativa
camarote,negativa
percance,negativa
inmoralidad,negativa
frustrante,negativa
despreciar,negativa
cojo,negativa
nalgas,negativa
impureza,negativa
entorpecer,negativa
corrompido,negativa
indeseable,negativa
cinismo,negativa
animosidad,negativa
transgresión,negativa
atroz,negativa
tortuoso,negativa
silbido,negativa
piquete,negativa
macabro,negativa
derrumbarse,negativa
cefalea,negativa
volcar,negativa
repugnante,negativa
pervertido,negativa
condenación,negativa
carestía,negativa
asediar,negativa
innecesariamente,negativa
diametralmente,negativa
burlándose,negativa
rondar,negativa
inadvertido,negativa
vehemente,negativa
tontería,negativa
tiránico,negativa
soldar,negativa
malicioso,negativa
colaboracionista,negativa
din,negativa
desestabilización,negativa
alegar,negativa
volatilidad,negativa
tupido,negativa
privar,negativa
pararse,negativa
flagrante,negativa
fantasmal,negativa
zumbido,negativa
ponche,negativa
mortífero,negativa
frenesí,negativa
desinteresado,negativa
corrosivo,negativa
collapse,negativa
arrebato,negativa
abusado,negativa
pecio,negativa
lúgubre,negativa
wild,negativa
inacción,negativa
desperdicio,negativa
confundiendo,negativa
sicario,negativa
libertino,negativa
boicotear,negativa
revuelto,negativa
minado,negativa
imprudencia,negativa
errático,negativa
enloquecido,negativa
enfermizo,negativa
deshecho,negativa
torcido,negativa
incoherente,negativa
aterrador,negativa
tonterías,negativa
simulado,negativa
impropio,negativa
hack,negativa
forastero,negativa
obsceno,negativa
estupor,negativa
socavar,negativa
perversión,negativa
indiscriminadamente,negativa
desbaratar,negativa
expirado,negativa
desobedecer,negativa
debilitarse,negativa
tentativamente,negativa
mediocridad,negativa
renuente,negativa
infringir,negativa
inculcar,negativa
bulo,negativa
suscitar,negativa
sudario,negativa
lastimado,negativa
inservible,negativa
amargamente,negativa
sesgos,negativa
sabueso,negativa
espanto,negativa
desproporcionado,negativa
desmayo,negativa
calumnia,negativa
mundano,negativa
fatídico,negativa
despecho,negativa
desintegrarse,negativa
ambivalente,negativa
abrumado,negativa
abortado,negativa
pelearse,negativa
obeso,negativa
intolerable,negativa
paranoico,negativa
imprevisto,negativa
impersonal,negativa
desterrar,negativa
cesto,negativa
súplica,negativa
esporádico,negativa
bla,negativa
fiasco,negativa
estruendo,negativa
caprichoso,negativa
anómalo,negativa
indiscriminado,negativa
falacias,negativa
descomponerse,negativa
cohecho,negativa
charlar,negativa
embate,negativa
bombear,negativa
descansos,negativa
agravar,negativa
exhausto,negativa
equívoco,negativa
agravante,negativa
partisano,negativa
inflamatorio,negativa
desaguar,negativa
convulsión,negativa
abultado,negativa
static,negativa
oscurece,negativa
miss,negativa
inhóspito,negativa
fandango,negativa
insaciable,negativa
estridente,negativa
ahogarse,negativa
ahogamiento,negativa
servil,negativa
perecer,negativa
inmovilizado,negativa
engañoso,negativa
bicho,negativa
bad,negativa
acaparar,negativa
squash,negativa
sangrar,negativa
penitenciaría,negativa
instigador,negativa
bastardos,negativa
agitar,negativa
inhumano,negativa
estafas,negativa
coqueta,negativa
parpadeo,negativa
escarcha,negativa
chocante,negativa
atrasado,negativa
adoctrinamiento,negativa
tajante,negativa
demorar,negativa
zapallo,negativa
restrictivo,negativa
provocador,negativa
irreparable,negativa
fiero,negativa
derramar,negativa
apuro,negativa
impracticable,negativa
provocativo,negativa
espejismo,negativa
sobras,negativa
inconsistencia,negativa
falsificar,negativa
escarnio,negativa
deshonra,negativa
desempleado,negativa
ridiculizar,negativa
opresivo,negativa
crash,negativa
corromper,negativa
cloaca,negativa
vengativo,negativa
renuencia,negativa
obstaculizado,negativa
inexorable,negativa
curandero,negativa
bajón,negativa
amargado,negativa
nepotismo,negativa
ladrona,negativa
fealdad,negativa
abrumadoramente,negativa
patético,negativa
infortunio,negativa
caníbal,negativa
incesantemente,negativa
exagerar,negativa
espeluznante,negativa
espantoso,negativa
cliché,negativa
atropello,negativa
inexacto,negativa
purgar,negativa
mofa,negativa
lego,negativa
descontrolado,negativa
desconfiar,negativa
baldío,negativa
imprevisible,negativa
desconcertado,negativa
boquete,negativa
vetar,negativa
precipitar,negativa
locamente,negativa
lasca,negativa
incitación,negativa
autocrático,negativa
acosar,negativa
marginada,negativa
hollow,negativa
esclavizar,negativa
punzante,negativa
burlado,negativa
tanteo,negativa
pinchazo,negativa
chancho,negativa
violador,negativa
extravagancia,negativa
desorganizado,negativa
tedioso,negativa
maldiciones,negativa
hinchado,negativa
endurecer,negativa
monótono,negativa
impetuoso,negativa
escalofriante,negativa
disonancia,negativa
cerda,negativa
picardía,negativa
expirar,negativa
quemadura,negativa
licenciar,negativa
discapacitado,negativa
calculador,negativa
amasar,negativa
algarabía,negativa
reproche,negativa
lost,negativa
irritado,negativa
insinuación,negativa
inexacta,negativa
fingido,negativa
atascado,negativa
piquetes,negativa
despótico,negativa
desacato,negativa
chantajear,negativa
bobo,negativa
urogallo,negativa
infamia,negativa
despistado,negativa
aspirado,negativa
distorsionar,negativa
desesperanza,negativa
bofetada,negativa
basto,negativa
libertinaje,negativa
guisado,negativa
candente,negativa
arruinando,negativa
ampolla,negativa
idiotas,negativa
fraudulento,negativa
averiado,negativa
sumergir,negativa
inimaginable,negativa
impasible,negativa
categórico,negativa
pelado,negativa
parir,negativa
oscurecer,negativa
opresores,negativa
invasivo,negativa
insultante,negativa
inamovible,negativa
extraviado,negativa
desconfiado,negativa
cañoneo,negativa
belicoso,negativa
nocivo,negativa
desmoronamiento,negativa
aflicción,negativa
llamarada,negativa
irritable,negativa
sesgado,negativa
perplejo,negativa
infelicidad,negativa
descarado,negativa
carnada,negativa
instigadores,negativa
apresurado,negativa
riñas,negativa
obscenidad,negativa
adherente,negativa
vacilante,negativa
obstruir,negativa
obstinado,negativa
maraña,negativa
ghetto,negativa
cauteloso,negativa
bronca,negativa
amortiguar,negativa
alud,negativa
torcer,negativa
quejado,negativa
puñalada,negativa
maníaco,negativa
imperfección,negativa
drones,negativa
devastar,negativa
canalla,negativa
abrasivo,negativa
rugido,negativa
oler,negativa
inexorablemente,negativa
estorbo,negativa
dogmático,negativa
vomitar,negativa
tirarse,negativa
talar,negativa
repulsa,negativa
rebatir,negativa
naufragar,negativa
desalentar,negativa
desacreditado,negativa
angustiado,negativa
tibio,negativa
lapsos,negativa
distorsiona,negativa
descarada,negativa
problem,negativa
podrido,negativa
hoax,negativa
fragor,negativa
coquetear,negativa
hedonista,negativa
fall,negativa
empinado,negativa
emboscar,negativa
deslealtad,negativa
copo,negativa
ahondar,negativa
vehementemente,negativa
urdimbre,negativa
menguante,negativa
indistinguible,negativa
impuro,negativa
decepciones,negativa
charlatán,negativa
aterrorizar,negativa
prevenido,negativa
oscurecido,negativa
escabroso,negativa
discontinuo,negativa
desorientado,negativa
superfluo,negativa
pizca,negativa
bondage,negativa
turbio,negativa
totalitaria,negativa
sedentario,negativa
ralentizar,negativa
prolijo,negativa
odiosa,negativa
ficcional,negativa
estampida,negativa
desunión,negativa
deformar,negativa
ventosa,negativa
desintegrado,negativa
calamidad,negativa
analfabeto,negativa
subastado,negativa
podredumbre,negativa
ensangrentado,negativa
drogadicto,negativa
dies,negativa
warp,negativa
taladros,negativa
fríamente,negativa
bichos,negativa
insalvable,negativa
ineptitud,negativa
dim,negativa
citaciones,negativa
tout,negativa
negligente,negativa
incendiario,negativa
desafuero,negativa
consentir,negativa
congeló,negativa
banal,negativa
sumiso,negativa
retardar,negativa
premeditado,negativa
perturbador,negativa
penalty,negativa
irracionalidad,negativa
imprecisiones,negativa
evade,negativa
descaradamente,negativa
agotador,negativa
wedge,negativa
trunca,negativa
lesionar,negativa
attack,negativa
ahogar,negativa
ultraje,negativa
reventar,negativa
injustificado,negativa
hematomas,negativa
resignado,negativa
nihilista,negativa
renuncio,negativa
estrangular,negativa
enredado,negativa
desmayado,negativa
desglose,negativa
breaks,negativa
litera,negativa
cojera,negativa
amonestación,negativa
abominable,negativa
untar,negativa
saciar,negativa
látigos,negativa
escapatoria,negativa
apuñalar,negativa
tacha,negativa
insuficientemente,negativa
ostensible,negativa
malhumorado,negativa
extremismo,negativa
estereotipada,negativa
agobiante,negativa
vanidoso,negativa
sacudir,negativa
parodiar,negativa
inepto,negativa
heterodoxo,negativa
endeble,negativa
discriminatorio,negativa
cursi,negativa
contagioso,negativa
alarmado,negativa
indocumentados,negativa
inconcebible,negativa
hebilla,negativa
encallado,negativa
desfasado,negativa
cogida,negativa
chato,negativa
traidora,negativa
torcida,negativa
subyugar,negativa
refutado,negativa
refuta,negativa
menospreciar,negativa
defensive,negativa
violadores,negativa
indigente,negativa
hell,negativa
falsificado,negativa
enjuiciar,negativa
bullicio,negativa
aniquilamiento,negativa
sustraer,negativa
reprobación,negativa
humildemente,negativa
deprimente,negativa
contusión,negativa
codicioso,negativa
twist,negativa
sofocante,negativa
picor,negativa
frenéticamente,negativa
cruento,negativa
pedante,negativa
desmoronarse,negativa
picazón,negativa
insalubre,negativa
infestado,negativa
disparate,negativa
cegar,negativa
caducado,negativa
burlón,negativa
barricada,negativa
abatimiento,negativa
romo,negativa
rogar,negativa
rencores,negativa
rehusar,negativa
inmiscuirse,negativa
desenfrenado,negativa
supersticioso,negativa
suicide,negativa
pretencioso,negativa
object,negativa
estresante,negativa
espantar,negativa
disgustos,negativa
delatar,negativa
bruma,negativa
traicionero,negativa
renegar,negativa
rendija,negativa
opresor,negativa
estropear,negativa
enganchar,negativa
dolorosamente,negativa
tropezar,negativa
salvajismo,negativa
kill,negativa
ilegible,negativa
tachar,negativa
reprimenda,negativa
presumido,negativa
malévolo,negativa
lied,negativa
furiosamente,negativa
estafar,negativa
engorroso,negativa
dilación,negativa
conspicuo,negativa
castrado,negativa
ajedrezado,negativa
repudiar,negativa
desvanecerse,negativa
condensar,negativa
sórdido,negativa
strike,negativa
repugnancia,negativa
neurótico,negativa
ambivalencia,negativa
altivo,negativa
alegación,negativa
retardado,negativa
indecente,negativa
gánster,negativa
fuck,negativa
sarcásticamente,negativa
promiscuo,negativa
pelar,negativa
embestir,negativa
desprevenido,negativa
degradante,negativa
atasco,negativa
aberrante,negativa
seto,negativa
protestado,negativa
ilógico,negativa
azotar,negativa
dire,negativa
rabioso,negativa
ocioso,negativa
freak,negativa
enojar,negativa
cayado,negativa
airadamente,negativa
sospechosamente,negativa
senil,negativa
presentimiento,negativa
menguar,negativa
apenado,negativa
alérgico,negativa
afligido,negativa
preocupar,negativa
mendicidad,negativa
ahorcar,negativa
scratch,negativa
rezagado,negativa
pendular,negativa
gauche,negativa
fastidiar,negativa
deshonor,negativa
contender,negativa
azada,negativa
amenazador,negativa
masacrar,negativa
irritar,negativa
inutilizar,negativa
furtivamente,negativa
condescendiente,negativa
voluble,negativa
torrent,negativa
disonante,negativa
disensión,negativa
desenfreno,negativa
conmocionado,negativa
ax,negativa
subestimar,negativa
invalidar,negativa
insensibilidad,negativa
impotentes,negativa
evil,negativa
arcano,negativa
tropiezos,negativa
terco,negativa
sangrante,negativa
riesgoso,negativa
predicamento,negativa
pardusco,negativa
insolente,negativa
chupa,negativa
cesante,negativa
calabacín,negativa
babosa,negativa
trazador,negativa
tentativo,negativa
sobrecargado,negativa
retrasarse,negativa
petrificado,negativa
ininteligible,negativa
despertador,negativa
stress,negativa
pain,negativa
instigar,negativa
herético,negativa
forajido,negativa
deteriorar,negativa
yermo,negativa
tirante,negativa
redondear,negativa
intimidante,negativa
funesto,negativa
estropeado,negativa
estrellar,negativa
difamar,negativa
desperfecto,negativa
desazón,negativa
carboncillo,negativa
angostura,negativa
abusador,negativa
abarrotado,negativa
tramposo,negativa
quebradizo,negativa
paria,negativa
ortiga,negativa
objetar,negativa
estrangulación,negativa
enajenar,negativa
virulento,negativa
tendencioso,negativa
satirizar,negativa
quebranto,negativa
pipe,negativa
mentirosos,negativa
ilusorio,negativa
garfio,negativa
cry,negativa
contrariedad,negativa
chupar,negativa
bullying,negativa
acaparamiento,negativa
vague,negativa
travesura,negativa
traumatizado,negativa
solterona,negativa
ridiculiza,negativa
pomposo,negativa
pecar,negativa
maldecir,negativa
gruñón,negativa
desasosiego,negativa
tartamudez,negativa
sour,negativa
sangra,negativa
monster,negativa
legato,negativa
issue,negativa
desperdiciar,negativa
colar,negativa
cepo,negativa
artimaña,negativa
amedrentar,negativa
vent,negativa
rasgado,negativa
inutilizable,negativa
inaudito,negativa
gravar,negativa
finta,negativa
encenderse,negativa
discrepar,negativa
acuciante,negativa
oneroso,negativa
knock,negativa
irrespetuoso,negativa
imprudentemente,negativa
horrendo,negativa
subyugación,negativa
quebrantar,negativa
machacar,negativa
desanimado,negativa
perversidad,negativa
incomprendido,negativa
hedor,negativa
falsear,negativa
errar,negativa
devil,negativa
depravación,negativa
complex,negativa
aspereza,negativa
ansiosamente,negativa
roscado,negativa
inexactitud,negativa
estrafalario,negativa
diatriba,negativa
denegar,negativa
